
{
  "formFields": [
    {
      "id": "fullName",
      "label": "Full Name",
      "type": "text",
      "placeholder": "Enter your full name"
    },
    {
      "id": "gender",
      "label": "Gender",
      "type": "radio",
      "options": [
        { "label": "Male", "value": "male" },
        { "label": "Female", "value": "female" },
        { "label": "Other", "value": "other" }
      ]
    },
    {
      "id": "skills",
      "label": "Skills",
      "type": "checkbox",
      "options": [
        { "label": "React", "value": "react" },
        { "label": "Node.js", "value": "nodejs" },
        { "label": "JavaScript", "value": "javascript" }
      ]
    },
    {
      "id": "country",
      "label": "Country",
      "type": "dropdown",
      "options": [
        { "label": "india", "value": "india" },
        { "label": "rasia", "value": "rasia" },
        { "label": "UK", "value": "uk" }
      ]
    }
  ]
}
